company_name,company_number,status,date_of_creation,postcode,sic_codes,company_type
LEGACY SPORTS INTERNATIONAL LTD,11323395,active,2018-04-23,RM3 0NQ,79909,ltd
GROSVENOR INVESTIGATIONS LIMITED,11306923,active,2018-04-12,RM1 4BH,80300,ltd
JUMEIRAH PALM LOUNGE LIMITED,11863400,active,2019-03-06,RM1 2JH,56102,ltd
VICTORIA DECORATION LTD,11949669,active,2019-04-16,RM3 9RJ,43999,ltd
JBA PROPERTY LLP,OC412101,active,2016-06-02,RM2 6PS,N/A,llp
GREENCARE GARDEN SERVICES LTD,06560669,active,2008-04-09,RM4 1JU,41201,ltd
K T WINDOW SOLUTIONS LIMITED,12345170,active,2019-12-03,RM4 1PB,43342,ltd
WD FIRE SERVICES LTD,12258502,active,2019-10-12,RM4 1EX,33140,ltd
KHAS DESIGNS LIMITED,12438046,active,2020-02-03,RM6 4AS,47910,ltd
LEONAS LIMITED,12432831,active,2020-01-30,RM6 6DT,74902,ltd
RICHERCHOICE LIMITED,12332701,active,2019-11-25,RM1 2BX,"47220, 47240, 47750, 47910",ltd
BILLETS SOLUTIONS LIMITED,12374227,active,2019-12-20,RM5 3BZ,64205,ltd
CUBEDEVELOP LTD,12364228,active,2019-12-16,RM3 9FA,43290,ltd
TRIPLE BB LIMITED,12268243,active,2019-10-17,RM1 3JT,43210,ltd
CALIN TRANSPORT LTD,11990472,active,2019-05-10,RM6 6HH,49410,ltd
DEN OF TECH LIMITED,12002091,active,2019-05-17,RM6 4UT,"47410, 47421, 47429, 47540",ltd
CHADVILLE SAFETY CONSULTANCY LIMITED,11962226,active,2019-04-25,RM6 5UA,71129,ltd
KGN FAST FOOD LTD,12148919,active,2019-08-09,RM6 6LS,56103,ltd
SUNN CARE LIMITED,12196115,active,2019-09-09,RM6 4ED,87200,ltd
E&G BUSINESS SERVICES LTD,12199561,active,2019-09-10,RM6 6BU,"41100, 43210, 43220, 43320",ltd
DIVIDED NATIONS LTD,12030537,active,2019-06-03,RM6 5ER,49410,ltd
JUNIORMAX LTD,12028613,active,2019-06-03,RM1 2NQ,42120,ltd
PAKISTAN TRADING LIMITED,12126224,active,2019-07-29,RM3 7HB,47620,ltd
GOLD SCORPIO LTD,12121335,active,2019-07-24,RM1 2EH,49410,ltd
VANS & HANS LTD,12114808,active,2019-07-22,RM5 3BX,"49410, 56210, 73110",ltd
GOLDPEPPER LIMITED,12073926,active,2019-06-27,RM6 5SL,56102,ltd
D&A DELIVERY SERVICES LTD,12082161,active,2019-07-03,RM1 1DL,53202,ltd
BAGEL CRAFT LTD,12026955,active,2019-05-31,RM5 3ND,"56101, 56103, 56210, 56290",ltd
CMB SECURITY LTD,12043281,active,2019-06-11,RM1 3QA,80100,private-limited-guarant-nsc
CAPRANI HOLDINGS LIMITED,09733794,active,2015-08-14,RM2 5UG,47910,ltd
COLLIER ROW LANE 1977 LIMITED,09049634,active,2014-05-21,RM5 3DT,99999,ltd
J & N CAR HIRE SERVICES LIMITED,09560058,active,2015-04-24,RM6 6DS,77110,ltd
GM FURUK TRUST LTD,10472187,active,2016-11-10,RM9 5RX,88990,private-limited-guarant-nsc
SIMM TRADING LTD,10266850,active,2016-07-07,RM10 9BB,47910,ltd
PLATINUM CAR CLUB LTD,12444842,active,2020-02-05,RM8 1LR,77110,ltd
DAVID & JUWON LTD,12564749,active,2020-04-20,RM10 8SE,99999,ltd
RCONSTRUCTION4UK LTD,12479319,active,2020-02-24,RM9 5JT,41202,ltd
ACMG CLEANING LTD,12485675,active,2020-02-26,RM8 2AJ,81210,ltd
GOLD BEAR CONSTRUCTION LTD,09551247,active,2015-04-20,RM10 8NH,41100,ltd
EAT THE BEST LTD,12336738,active,2019-11-27,RM8 3XU,56102,ltd
D&I CLEAN LIMITED,12358538,active,2019-12-11,RM8 2RE,81222,ltd
KAIM KHANI BROTHERS LTD,12339890,active,2019-11-29,RM9 5SL,56103,ltd
TRANS ALPINE LOGISTICS LTD,12406061,active,2020-01-15,RM8 1AR,96090,ltd
TRAINING SPOT LTD,12449668,active,2020-02-07,RM9 4ND,85590,ltd
MRB PROPERTY DEVELOPMENTS LTD,12326203,active,2019-11-21,RM8 1TU,68310,ltd
OLIVERS DRYWALL FINISHING LTD,12290790,active,2019-10-30,RM8 2DP,"41201, 43310, 43341",ltd
BUKEN LIMITED,12381688,active,2019-12-31,RM6 4BE,56102,ltd
DEIZY LTD,12273588,active,2019-10-21,RM9 5HU,53202,ltd
247 LOCAL PLUMBERS LTD,12224688,active,2019-09-24,RM9 5QB,43220,ltd
TODTIA LIMITED,12150775,active,2019-08-12,RM9 5EH,"86900, 96020",ltd
SMART FIX CENTER LTD,12033665,active,2019-06-05,RM8 1SL,96090,ltd
PM PROPERTY TRADING LTD,12134601,active,2019-08-01,RM9 4RX,68100,ltd
DARODA LTD,12071691,active,2019-06-26,RM10 8AE,52290,ltd
CIPRIAN TRANS LTD,12055376,active,2019-06-17,RM8 2SP,49410,ltd
TECHZAY APP LTD,12018214,active,2019-05-25,RM8 1TX,"62012, 62020, 62090",ltd
DIAMONDCREST LTD,09466034,active,2015-03-02,RM9 6BX,86900,ltd
BEADSTAR LIMITED,02158010,active,1987-08-26,RM10 8PN,"46420, 47910",ltd
AGNI CONSULTANCY SERVICES UK LIMITED,12031563,active,2019-06-04,RM10 8PS,"46310, 70229",ltd
RITEWAY INVESTMENTS LIMITED,08588992,active,2013-06-28,RM10 8PU,"41201, 42120, 42990, 78200",ltd
S.E.L.G BUILDING LTD,09269369,active,2014-10-17,RM9 6UR,43999,ltd
ZIVA LTD,10134213,active,2016-04-19,RM9 4RA,69201,ltd
SULTAN HAULAGE LTD,11446171,active,2018-07-03,RM8 2HT,"49410, 52290",ltd
ESSEX ADVERTISING SERVICES LTD,11826595,active,2019-02-14,RM12 6LL,73110,ltd
GREEN MAYA UK LTD,11741091,active,2018-12-24,RM11 1XP,"10832, 46370, 47250, 56102",ltd
WRIGHT WILLS ESTATE PLANNING LIMITED,11279833,active,2018-03-28,RM12 4TN,69109,ltd
JBM PRODUCTS LIMITED,12386140,active,2020-01-06,RM11 1EQ,43999,ltd
TWITCH MARKETING LIMITED,12186115,active,2019-09-03,RM12 5AS,73200,ltd
AGAP HEALTHCARE LTD,12234796,active,2019-09-30,RM12 5DF,84120,ltd
CATALINA SPECIAL SERVICE LTD,12063283,active,2019-06-21,RM12 6NB,81210,ltd
H R M PLUMBING & HEATING SERVICES LTD,10139634,active,2016-04-21,RM12 6NJ,43220,ltd
CONCEPT SUPPLIES LIMITED,09560467,active,2015-04-24,RM11 3XT,43390,ltd
LONDON FOOD DELIVERY LTD,12707869,active,2020-06-30,RM11 2EA,"46170, 46190, 46390, 56290",ltd
ESSEX REFURBISHMENT LTD,11217318,active,2018-02-21,RM12 6LL,43390,ltd
EMELISSE CONSULTANCY LIMITED,08232199,active,2012-09-27,RM12 6LL,78109,ltd
PLUSPOINT RECRUITMENT LIMITED,10129887,active,2016-04-18,RM12 6RJ,96090,ltd
THEOBALD CONSTRUCTION LTD,11102855,active,2017-12-08,RM12 6LL,"41201, 41202",ltd
R.G.S INTERIOR SPECIALISTS LTD,12481517,active,2020-02-25,RM12 6LL,43390,ltd
TEACH RECRUITMENT LIMITED,12228803,active,2019-09-26,RM11 2NE,78200,ltd
MJL ENTERPRISE CONSULTING LIMITED,10729044,active,2017-04-19,RM14 2DT,70229,ltd
STEO PRO LIMITED,12396138,active,2020-01-10,RM13 9YS,96090,ltd
FIBRE GLASS CREATION AND DESIGNS LTD,11722603,active,2018-12-11,RM14 3TS,23140,ltd
SYNERTRADE LIMITED,06666093,active,2008-08-06,RM14 2SJ,46360,ltd
PLEEF LLP,OC416984,active,2017-04-20,RM14 2AP,N/A,llp
TAPD-IN LTD,14864964,active,2023-05-12,RM14 3JL,62090,ltd
VATA LIMITED,11569714,active,2018-09-14,RM14 2SJ,56101,ltd
MI PARCEL UK LTD,12423143,active,2020-01-24,RM15 6AH,52290,ltd
ALREGINA LTD,12126664,active,2019-07-29,RM15 5RP,"56210, 82990",ltd
BLUE ROSE XIV LIMITED,12678792,active,2020-06-18,RM15 5PX,70229,ltd
BRICKKILN DESIGN LTD,14053583,active,2022-04-19,RM15 5HP,14120,ltd
STARBROOKE CARE LTD.,09031003,active,2014-05-08,RM15 5AT,99999,ltd
EMPIRE FIRE & CONSTRUCTION MATERIALS LIMITED,14797318,active,2023-04-12,RM15 5HP,46130,ltd
PIRTRANS LTD,11137920,active,2018-01-08,RM15 5LZ,49410,ltd
LUXE EVENT HIRE LTD,10552744,active,2017-01-09,RM15 5GP,56210,ltd
IN DOORS LIMITED,05031014,active,2004-01-30,RM15 5SX,16230,ltd
AA CONSTRUCTIONS LIMITED,09564380,active,2015-04-28,RM15 5RN,41202,ltd
MARYTRANS LTD,09748811,active,2015-08-25,RM15 5BP,49410,ltd
GEORDEN LTD,09738630,active,2015-08-18,RM15 4SJ,41201,ltd
PROEDYL LTD,11324972,active,2018-04-24,RM17 6RE,43390,ltd
IVANOV & SONS LOGISTICS LTD,11948590,active,2019-04-16,RM17 5LJ,49410,ltd
SLYWARK IT SERVICES LIMITED,09605625,active,2015-05-22,RM17 6LU,62020,ltd
MESTRE DELIVERY COMPANY LIMITED,09660450,active,2015-06-29,RM16 4TD,49410,ltd
ESSEX ANGLING LTD,07363429,active,2010-09-02,RM17 5DF,61900,ltd
DOREK LTD,12312396,active,2019-11-13,RM17 6DG,"86900, 96020",ltd
LKR LOGISTICS LTD,12323131,active,2019-11-19,RM17 6RJ,"49410, 52290",ltd
CENTREWALL LTD,12034995,active,2019-06-05,RM16 6ED,"47910, 47990, 70229",ltd
HIREBRID PCO LTD,12086130,active,2019-07-04,RM17 6ST,49320,ltd
IRMAK FAST FOOD LTD,12057263,active,2019-06-18,RM17 5RZ,56102,ltd
VE CONNECT LTD,12046382,active,2019-06-12,RM17 6NQ,96020,ltd
JHONY78 LTD,12042816,active,2019-06-11,RM17 6DE,49410,ltd
SWIFT AND BOLD DRIVER SUPPORT LIMITED,11327927,active,2018-04-25,RM17 5XR,"78200, 85590",ltd
IVORYROSE COMPANY LIMITED,11327456,active,2018-04-25,RM20 4BE,"68209, 68320",ltd
SBS SUN LTD,10645113,active,2017-03-01,RM17 5DF,49410,ltd
SIMILITUDE UK LIMITED,14814290,active,2023-04-19,RM17 5AB,"86101, 86102",ltd
JOACHIM TRANS LTD,11655724,active,2018-11-02,RM16 6YD,49410,ltd
JODAS HEALTHCARE LIMITED,11853676,active,2019-02-28,RM16 2TJ,"86101, 86102, 86230",ltd
CYTRO LTD,11316187,active,2018-04-18,RM20 4XJ,49410,ltd
CANDOO MULTI-TRADE SERVICES LIMITED,10206156,active,2016-05-31,RM18 8SD,43341,ltd
STRINGS OF BEAUTY LIMITED,05831097,active,2006-05-30,RM18 7AX,96090,ltd
CN &M LTD,12404811,active,2020-01-15,RM18 7BT,49410,ltd
ESSEX DRIVEWAYS AND LANDSCAPE LTD,12438523,active,2020-02-03,RM18 7AH,96090,ltd
ASE TRANS LTD,12036831,active,2019-06-06,RM18 7BG,49410,ltd
MF ITALIAN MARBLE INSTALLATION & DESIGN LTD,10061808,active,2016-03-14,RM18 8SF,43330,ltd
SHOLAM CONSULTING SERVICES LIMITED,07915690,active,2012-01-19,RM18 8ED,70229,ltd
ST RAPHAEL TECHNOLOGY LIMITED,11901821,active,2019-03-23,RM18 8EA,"62020, 85590",ltd
SAFE NETWORKS LTD,11600313,active,2018-10-02,RM18 8AU,"62090, 96090",ltd
ADSAM LIMITED,10184771,active,2016-05-17,RM18 7AZ,41100,ltd
FIVE STAR PLUS LTD,13309706,active,2021-04-01,RM18 8RH,52103,ltd
184 COLLECTIVE LTD,14919869,active,2023-06-07,RM18 8LP,32120,ltd
GENERAL BUILDING - PLUMBING & HEATING LIMITED,08509743,active,2013-04-30,RM18 7AU,"43220, 43390",ltd
CITYWYDE LIMITED,12332400,active,2019-11-25,RM19 1RQ,62030,ltd
PMT DRIVING SERV LIMITED,12456786,active,2020-02-11,RM19 1RW,49410,ltd
RA-EUROCARS LIMITED,12476372,active,2020-02-21,RM19 1PX,45112,ltd
TEE TOP LIMITED,12270771,active,2019-10-18,RM19 1QT,96020,ltd
METICULOUS WITTY LTD,12178225,active,2019-08-28,RM19 1LA,45112,ltd
RACHAEL CONSULTING LIMITED,06057132,active,2007-01-18,RM19 1LL,70229,ltd
BC MAINTENANCE LIMITED,12699507,active,2020-06-26,RM19 1PL,81299,ltd
EYECROWN CONSULTING LTD,07879206,active,2011-12-12,RM19 1PT,62020,ltd
DECOR DE FAB LTD,12748770,active,2020-07-16,RM19 1SB,56210,ltd
GBK SAFETY LIMITED,11468558,active,2018-07-17,RM19 1LF,63990,ltd
MINDFULL LEARNING LTD,12786901,active,2020-08-02,RM19 1SA,85600,ltd
JEE-DEE ELITE SERVICES LTD,10933497,active,2017-08-25,RM19 1GP,33190,ltd
BERKSVILLE LTD,12766937,active,2020-07-24,RM19 1RQ,"68100, 68209, 68310",ltd
FAST SAFE TRANSPORT LIMITED,12725528,active,2020-07-07,RM15 6RZ,49390,ltd
OBQ LTD,11827815,active,2019-02-14,RM19 1TB,41202,ltd
S&D LTD,14985074,active,2023-07-06,RM19 1QF,68100,ltd
DIRECT ON TIME LIMITED,09674913,active,2015-07-07,RM19 1RB,49410,ltd
DCHICOM LIMITED,14845054,active,2023-05-03,RM19 1SX,10890,ltd
RIGHT FIT RECRUITMENT LTD,11787875,active,2019-01-25,RM15 4DT,78300,ltd
BIG BUSINESS ENTERTAINMENT LTD,14966202,active,2023-06-27,RM19 1TL,90020,ltd
HGV MAX RECRUITMENT LIMITED,10880064,active,2017-07-24,RM19 1GU,78200,ltd
OLUDAM LIMITED,10563282,active,2017-01-13,RM20 3BH,45112,ltd
B'S HAND CAR WASH VALETING CENTRE LTD,12151933,active,2019-08-12,RM20 4BA,"45112, 81299",ltd
TOP NOTCH SERVICES (UK) LTD,11041234,active,2017-11-01,RM20 3JT,"52290, 78200, 96010, 96090",ltd
IVORYROSE HOSPITALITY SERVICES LIMITED,10593651,active,2017-01-31,RM20 4BE,78200,ltd
